{
  "manifest": {
    "apis": {
      "custom": {
        "endpoint": {
          "uri": "arn:aws:lambda:us-east-1:783168649643:function:a5a37e48-dbf5-43ef-b2cc-d7e9ce580f7c:Release_0"
        },
        "interfaces": [],
        "regions": {
          "NA": {
            "endpoint": {
              "uri": "arn:aws:lambda:us-east-1:783168649643:function:a5a37e48-dbf5-43ef-b2cc-d7e9ce580f7c:Release_0"
            }
          },
          "EU": {
            "endpoint": {
              "uri": "arn:aws:lambda:eu-west-1:783168649643:function:a5a37e48-dbf5-43ef-b2cc-d7e9ce580f7c:Release_0"
            }
          },
          "FE": {
            "endpoint": {
              "uri": "arn:aws:lambda:us-west-2:783168649643:function:a5a37e48-dbf5-43ef-b2cc-d7e9ce580f7c:Release_0"
            }
          }
        }
      }
    },
    "manifestVersion": "1.0",
    "publishingInformation": {
      "distributionCountries": [],
      "isAvailableWorldwide": true,
      "locales": {
        "pt-BR": {
          "description": "Sample Full Description",
          "examplePhrases": [
            "Alexa abra olá mundo",
            "olá",
            "ajuda"
          ],
          "keywords": [],
          "name": "Prova Nathan Pereira",
          "summary": "Sample Short Description"
        }
      },
      "testingInstructions": "Sample Testing Instructions."
    }
  }
}